{
	"name": "5ejpmod",
	"title": "D&D5版日本語化モッド",
	"description": "D&D5版システム用のロカライゼーションファイル、＋辞典。このモッドを使用するには必ずモッドを適用してから言語を変更してください",
	"version": "0.2",
	"author": "Brother Sharp, Asami",
	"socket": true,
	"languages": [
		{
			"lang": "ja",
			"system":"dnd5e",
			"name": "日本語",
			"path": "lang/ja.json"
		}
	],
	"scripts": ["./cleansrd.js"],
	"styles" : ["css/dnd5ejp.css"],
  "packs": [{
      "name": "heroes",
      "label": "スターター･ヒーロー【英語】",
      "system": "dnd5e",
      "path": "./packs/heroes.db",
      "entity": "Actor"
    },
    {
      "name": "monsters",
      "label": "モンスター辞典SRD【英語】",
      "system": "dnd5e",
      "path": "./packs/monsters.db",
      "entity": "Actor"
    },
    {
      "name": "items",
      "label": "アイテム辞典SRD【日本語】",
      "system": "dnd5e",
      "path": "./packs/items.db",
      "entity": "Item"
    },
    {
      "name": "tradegoods",
      "label": "交易品SRD【英語】",
      "system": "dnd5e",
      "path": "./packs/tradegoods.db",
      "entity": "Item"
    },
    {
      "name": "spells",
      "label": "呪文辞典SRD【日本語】",
      "system": "dnd5e",
      "path": "./packs/spells.db",
      "entity": "Item"
    },
    {
      "name": "classes",
      "label": "クラス辞典SRD【英語】",
      "system": "dnd5e",
      "path": "./packs/classes.db",
      "entity": "Item"
    },
    {
      "name": "classfeatures",
      "label": "クラス特徴辞典SRD【英語】",
      "system": "dnd5e",
      "path": "./packs/classfeatures.db",
      "entity": "Item"
    },
    {
      "name": "treasure",
      "label": "財宝辞典【日本語】",
      "system": "dnd5e",
      "path": "./packs/treasure.db",
      "entity": "Item"
    }],
	"url" : "https://github.com/BrotherSharper/dnd5eja",
	"download" : "https://github.com/BrotherSharper/dnd5eja/blob/master/dnd5eja.zip",
	"manifest" : "https://github.com/BrotherSharper/dnd5eja/blob/master/module.json",
  "minimumCoreVersion": "0.5.5",
  "compatibleCoreVersion": "0.5.5"
}
